,class_name,number
0,android.widget.LinearLayout,661798
1,android.widget.RelativeLayout,343887
2,android.support.v7.widget.AppCompatTextView,299417
3,android.widget.TextView,289107
4,android.widget.FrameLayout,269660
5,android.widget.ImageView,225985
6,android.view.View,204124
7,android.support.v7.widget.AppCompatImageView,164787
8,com.android.internal.policy.PhoneWindow$DecorView,66673
9,android.widget.ImageButton,41659
10,android.widget.Button,34807
11,android.support.v7.widget.ContentFrameLayout,28059
12,android.support.v7.widget.Toolbar,24125
13,android.support.v7.widget.CardView,23863
14,android.support.v7.widget.AppCompatButton,23717
15,android.widget.ProgressBar,23411
16,android.support.v7.widget.AppCompatImageButton,21383
17,android.support.v7.widget.FitWindowsLinearLayout,18663
18,android.widget.ListView,17098
19,android.support.v4.widget.DrawerLayout,16296
20,android.widget.ScrollView,16058
21,android.support.v7.widget.ActionMenuView,14101
22,android.support.v7.view.menu.ActionMenuItemView,13219
23,android.support.v7.widget.RecyclerView,11687
24,com.google.android.gms.ads.internal.webview.n,11272
25,com.google.android.gms.ads.internal.webview.o,11259
26,android.widget.TableRow,11200
27,android.support.v4.view.ViewPager,10127
28,android.support.design.widget.TabLayout$TabView,10055
29,com.google.android.gms.ads.internal.bp,9091
30,android.support.v7.widget.AppCompatCheckedTextView,8920
31,android.support.design.widget.CoordinatorLayout,8741
32,com.google.android.gms.ads.AdView,8541
33,android.support.v7.widget.ab,8353
34,android.support.design.internal.NavigationMenuItemView,8234
35,com.android.internal.widget.ActionBarOverlayLayout,7583
36,com.android.internal.widget.ActionBarContainer,7166
37,android.support.design.widget.AppBarLayout,6690
38,com.yinzcam.common.android.ui.fonts.FontTextView,6595
39,android.support.v7.widget.AppCompatCheckBox,6228
40,android.widget.EditText,6174
41,android.widget.CheckBox,5845
42,com.android.internal.widget.ActionBarView,5769
43,android.support.v7.widget.AppCompatEditText,5598
44,android.support.v7.widget.FitWindowsFrameLayout,5117
45,com.android.internal.widget.ActionBarView$HomeView,5059
46,android.webkit.WebView,4922
47,com.android.internal.view.menu.ActionMenuItemView,4731
48,android.support.v4.widget.SwipeRefreshLayout,4582
49,android.support.v7.widget.q,4528
50,android.widget.Space,4376
51,android.support.v7.widget.y,4368
52,com.google.android.gms.ads.internal.webview.l,4361
53,com.google.android.gms.ads.internal.webview.m,4344
54,android.support.v7.widget.ActionBarOverlayLayout,4274
55,android.widget.ActionMenuView,4244
56,android.support.v7.widget.aa,4190
57,android.widget.CheckedTextView,4173
58,android.support.v7.internal.widget.ContentFrameLayout,4129
59,android.support.v7.widget.ActionBarContainer,3801
60,android.support.v7.widget.z,3781
61,android.widget.RadioButton,3515
62,com.facebook.drawee.view.SimpleDraweeView,3449
63,com.google.android.gms.ads.internal.bi,3419
64,android.widget.TableLayout,3403
65,com.devspark.robototextview.widget.RobotoTextView,3375
66,org.appcelerator.titanium.view.TiCompositeLayout,3367
67,android.support.design.widget.FloatingActionButton,3355
68,android.support.v7.widget.AppCompatRadioButton,3330
69,android.support.design.widget.TabLayout,3317
70,android.support.v7.widget.ActionMenuPresenter$OverflowMenuButton,3257
71,com.frankly.news.widget.CustomTextView,3214
72,android.support.v4.app.NoSaveStateFrameLayout,3193
73,android.widget.ToggleButton,3009
74,com.google.android.gms.ads.doubleclick.PublisherAdView,2862
75,android.support.v7.internal.widget.FitWindowsLinearLayout,2812
76,android.support.design.widget.TabLayout$SlidingTabStrip,2646
77,android.support.v7.internal.view.menu.ActionMenuItemView,2604
78,android.support.v7.widget.SwitchCompat,2578
79,android.support.v7.widget.o,2472
80,com.facebook.react.views.view.ReactViewGroup,2425
81,android.support.v7.widget.AppCompatSpinner,2334
82,com.android.volley.toolbox.NetworkImageView,2311
83,com.android.browser.NavTabView,2310
84,android.support.v7.widget.bs,2307
85,android.widget.HorizontalScrollView,2245
86,android.support.v7.widget.p,2244
87,com.android.internal.view.menu.ListMenuItemView,2235
88,android.widget.GridView,2153
89,android.widget.ActionMenuPresenter$OverflowMenuButton,2111
90,android.support.v7.internal.widget.ActionBarOverlayLayout,1900
91,android.widget.Spinner,1867
92,android.support.v7.widget.ba,1769
93,android.support.v7.internal.widget.ActionBarContainer,1756
94,android.widget.RadioGroup,1751
95,com.wsi.android.framework.app.ui.widget.HeadlineBadge,1711
96,com.prolificinteractive.materialcalendarview.DayView,1680
97,com.lazada.customviews.FontTextView,1671
98,android.support.v7.widget.au,1662
99,android.support.design.widget.TabLayout$g,1616
100,android.support.v7.widget.bk,1576
101,com.wsi.android.weather.ui.widget.customfont.CustomFontTextView,1547
102,android.widget.ViewFlipper,1537
103,android.support.v7.widget.n,1518
104,android.support.design.widget.TextInputLayout,1505
105,ti.modules.titanium.ui.widget.TiUILabel$1,1499
106,android.widget.SeekBar,1492
107,com.android.internal.widget.ScrollingTabContainerView$TabView,1488
108,com.squareup.timessquare.CalendarCellView,1442
109,de.hdodenhof.circleimageview.CircleImageView,1442
110,android.support.v4.widget.NestedScrollView,1398
111,android.support.v7.widget.ap,1368
112,android.widget.TabWidget,1361
113,android.support.v7.internal.widget.NativeActionModeAwareLayout,1355
114,com.google.maps.api.android.lib6.impl.fr,1338
115,com.sports.schedules.library.ui.views.TextViewFont,1319
116,com.makeramen.roundedimageview.RoundedImageView,1319
117,com.android.internal.widget.ResolverDrawerLayout,1283
118,android.widget.ExpandableListView,1277
119,android.support.v7.widget.al,1277
120,com.facebook.react.views.text.ReactTextView,1269
121,android.support.design.internal.NavigationMenuView,1264
122,com.google.maps.api.android.lib6.gmm6.api.z,1260
123,android.widget.Toolbar,1241
124,com.wsi.android.framework.app.ui.widget.MenuButton,1235
125,com.google.android.gms.ads.internal.overlay.q,1226
126,android.support.design.widget.NavigationView,1214
127,android.support.v7.widget.x,1207
128,com.bravolang.chinese.AutoResizeTextView,1180
129,android.support.v7.view.menu.ListMenuItemView,1176
130,com.android.browser.TitleBar,1166
131,com.android.browser.view.CustomScreenLinearLayout,1166
132,com.android.browser.PageProgressView,1166
133,com.android.browser.UrlInputView,1166
134,com.android.browser.NavigationBarPhone,1166
135,android.widget.Switch,1161
136,android.support.v7.widget.as,1153
137,com.talabat.TalabatTextView,1151
138,android.widget.TabHost,1151
139,android.support.v7.widget.bo,1149
140,com.android.camera.MultiToggleImageButton,1139
141,com.android.browser.BrowserWebView,1129
142,android.support.percent.PercentRelativeLayout,1121
143,android.support.v7.widget.bm,1096
144,android.support.v7.widget.AppCompatRatingBar,1093
145,com.google.maps.api.android.lib6.impl.am,1066
146,android.support.v4.widget.Space,1034
147,com.slacker.radio.coreui.views.CustomFontTextView,1030
148,com.github.clans.fab.FloatingActionButton,1019
149,android.widget.PopupWindow$PopupDecorView,1003
150,android.widget.PopupWindow$PopupBackgroundView,988
151,me.grantland.widget.AutofitTextView,966
152,android.support.v7.widget.i,962
153,com.bravolang.spanish.AutoResizeTextView,953
154,com.narvii.widget.ThumbImageView,951
155,mobi.escapemusic.music.standard.util.extendobject.TypefaceTextView,940
156,com.wsi.android.weather.ui.widget.LocationBar,939
157,com.mapmyfitness.android.ui.widget.TextView,928
158,com.expedia.bookings.widget.TextView,906
159,android.support.design.widget.CollapsingToolbarLayout,903
160,android.support.v7.widget.m,889
161,com.viewpagerindicator.CirclePageIndicator,871
162,com.app.wooplrwidgets.WooplrTextView,858
163,org.zuzuk.ui.views.typefaces.TypefacedTextView,857
164,android.support.design.widget.aq,844
165,android.support.v4.widget.CircleImageView,834
166,com.andexert.library.RippleView,819
167,com.android.phone.common.dialpad.DialpadTextView,804
168,com.android.phone.common.dialpad.DialpadKeyButton,804
169,com.ushareit.listenit.theme.entry.CustomThemeImageView,799
170,android.support.percent.PercentFrameLayout,798
171,com.ovuline.ovia.ui.view.TextView,789
172,android.support.v7.widget.bu,783
173,net.metaquotes.common.ui.RobotoTextView,780
174,android.support.v7.widget.AppCompatSeekBar,775
175,android.support.v7.internal.widget.FitWindowsFrameLayout,772
176,com.getbase.floatingactionbutton.FloatingActionButton,765
177,md505972d1a8c19431fa7e9e71f7b609ef8.StingrayTextView,765
178,android.view.SurfaceView,761
179,android.support.v7.widget.j,761
180,com.slacker.radio.coreui.views.TintableImageView,758
181,com.android.internal.widget.DialogTitle,756
182,perform.goal.android.ui.shared.TitiliumTextView,742
183,com.google.android.gms.ads.internal.overlay.ai,738
184,com.grapplemobile.fifa.view.SimpleTextView,727
185,com.facebook.resources.ui.FbFrameLayout,719
186,com.opera.android.custom_views.StylingTextView,713
187,android.support.v7.widget.ae,707
188,com.bravolang.french.AutoResizeTextView,699
189,com.facebook.webview.BasicWebView,695
190,android.widget.ViewSwitcher,691
191,com.duolingo.typeface.widget.DuoTextView,690
192,android.support.v7.widget.SearchView,675
193,com.klm.mobile.android.core.ui.widgets.CarTextView,665
194,com.google.android.gms.maps.MapView,660
195,com.yummly.android.ui.YummlyTextView,648
196,com.bravolang.korean.AutoResizeTextView,642
197,com.joanzapata.iconify.widget.IconTextView,640
198,com.viewpagerindicator.TabPageIndicator$TabView,639
199,com.addodoc.care.widget.FontTextView,633
200,com.contextlogic.wish.ui.text.ThemedTextView,632
201,com.carwale.carwale.utils.CarwaleTextView,619
202,com.jacobsmedia.view.AvenirTextView,613
203,com.zing.zalo.ui.widget.RobotoTextView,610
204,android.support.v7.widget.ax,606
205,android.support.v7.widget.be,604
206,android.support.design.widget.TabLayout$f,602
207,android.support.v7.widget.ActionMenuPresenter$d,600
208,com.mopub.mobileads.MoPubView,595
209,com.ushareit.listenit.theme.entry.CustomThemeTextView,587
210,com.jeremyfeinstein.slidingmenu.lib.SlidingMenu,579
211,org.androworks.klara.view.WeatherIconsView$WeatherIcon,575
212,android.widget.ViewAnimator,573
213,android.widget.RatingBar,572
214,com.jeremyfeinstein.slidingmenu.lib.CustomViewAbove,570
215,se.emilsjolander.stickylistheaders.WrapperView,568
216,com.namshi.android.widgets.SmartView,567
217,com.github.clans.fab.Label,567
218,com.jeremyfeinstein.slidingmenu.lib.CustomViewBehind,566
219,android.support.design.widget.TabLayout$d,564
220,android.support.v7.widget.bp,559
221,android.support.v7.widget.ar,554
222,com.nbc.news.view.NbcTextView,549
223,android.view.TextureView,548
224,android.support.v7.widget.h,547
225,com.vl.spicejet.components.CustomTextView,543
226,android.widget.ListPopupWindow$DropDownListView,541
227,com.bravolang.japanese.AutoResizeTextView,535
228,com.xoopsoft.apps.footballgeneral.RobotoTextView,534
229,com.microsoft.amp.platform.uxcomponents.text.CommonFontTextView,532
230,com.pelmorex.WeatherEyeAndroid.phone.ui.TextViewEx,530
231,ti.modules.titanium.ui.widget.TiImageView,524
232,android.support.v7.widget.ao,522
233,com.pickstream.ui.TextViewFont,517
234,com.wsi.android.framework.app.ui.PhoneApplicationRootViewClassic,516
235,com.jnm.android.widget.ScalableLayout,508
236,com.aol.mobile.moviefone.font.FontTextView,505
237,com.c0smosis.dailyfantasyshared.CustomFontTextView,503
238,android.support.v7.internal.view.menu.ListMenuItemView,502
239,org.appcelerator.titanium.view.TiBorderWrapperView,502
240,com.facebook.resources.ui.FbTextView,500
241,android.widget.NumberPicker,496
242,com.facebook.ads.AdView,493
243,com.lastminute.core.app.ui.LMTextView,493
244,com.roughike.bottombar.BottomBarTab,484
245,com.cf.flightsearch.views.CustomTextView,478
246,com.klm.mobile.android.core.ui.search.CalendarDayView,476
247,com.android.internal.widget.ButtonBarLayout,475
248,android.support.v7.widget.v,473
249,com.hrsgroup.android.toolkit.widget.traveldatecalendar.gui.DayView,473
250,android.support.v7.widget.ak,471
251,android.support.v7.widget.k,471
252,com.duolingo.view.DuoSvgImageView,471
253,com.nbc.news.view.NetworkImageView,469
254,com.thomsonreuters.reuters.ui.SourceSansProTextView,468
255,perform.goal.android.ui.shared.FontIconView,466
256,android.widget.NumberPicker$CustomEditText,466
257,com.iherb.customview.CustomTextView,466
258,android.support.v7.widget.aj,459
259,com.tretiakov.absframework.views.text.AbsTextView,459
260,com.android.camera.ui.ModeSelectorItem,456
261,com.android.camera.ui.RadioOptions,456
262,com.android.camera.ui.ModeIconView,456
263,com.android.camera.ui.TopRightWeightedLayout,455
264,com.google.android.gms.ads.NativeExpressAdView,450
265,com.balysv.materialripple.MaterialRippleLayout,448
266,com.bravolang.phrasebook.AutoResizeTextView,437
267,org.holoeverywhere.widget.LinearLayout,437
268,maps.ad.ay$a,434
269,mobi.infolife.card.view.style.AmberTextView,428
270,com.sly.views.SlyTextView,425
271,com.innovattic.font.FontTextView,425
272,com.g2a.marketplace.utils.views.FontText,420
273,android.widget.GridLayout,420
274,com.opera.android.custom_views.LayoutDirectionLinearLayout,418
275,android.ptitchef.com.ptitchef.custom.TextViewWithFont,418
276,com.kayak.android.common.uicomponents.FitTextView,417
277,com.ibm.events.android.ausopen.util.FontTextView,416
278,de.yazio.mobile.widgets.CustomTextView,415
279,com.livescore.views.VerdanaFontTextView,413
280,com.fiverr.fiverr.Views.FVRTextView,413
281,com.pluralsight.android.learner.ui.widget.typeface.TypefaceTextView,410
282,com.facebook.react.views.image.ReactImageView,408
283,com.wsi.android.framework.app.ui.PhoneApplicationRootViewCarousel,406
284,com.narvii.widget.FontAwesomeView,406
285,com.android.internal.widget.ScrollingTabContainerView,405
286,com.yupptv.mobile.widget.YuppTextView,401
287,com.ubercab.ui.TextView,401
288,maps.D.p,400
289,com.opera.android.custom_views.StylingImageView,399
290,in.betterbutter.android.fonts.TypefaceTextView,398
291,cc.pacer.androidapp.ui.common.fonts.TypefaceTextView,398
292,com.snapdeal.ui.adapters.widget.SDTextView,395
293,com.yinzcam.common.android.ui.menu.YinzToolbar,394
294,com.appgeneration.ituner.ui.view.QuickSandTextView,393
295,android.support.v7.widget.LinearLayoutCompat,392
296,android.support.v7.widget.az,392
297,android.support.v7.widget.w,390
298,com.yinzcam.common.android.ui.fonts.AutoResizeFontTextView,389
299,com.advance.news.view.AdNewsTextView,388
300,com.ncaa.mmlive.app.ui.widgets.TeamFlagImageView,388
301,com.yinzcam.nba.mobile.home.cards.ui.AnalyticsReportingRelativeLayout,387
302,maps.ad.m,385
303,android.support.v7.widget.bf,382
304,android.support.v7.widget.l,381
305,com.guardian.ui.views.GuardianTextView,380
306,com.astuetz.PagerSlidingTabStrip,379
307,com.quikr.old.ui.TextViewCustom,379
308,com.forqan.tech.utils.CDragableImageView,378
309,com.go.gl.view.GLViewWrapper$ViewWrapper,378
310,com.production.truspertips.widget.basic.BasicTextView,378
311,com.yinzcam.common.android.ui.fonts.FontButton,377
312,android.support.v7.widget.t,374
313,com.meredith.redplaid.widgets.FadingView,374
314,com.britannica.common.models.SpecialCharsTextView,370
315,com.soundcloud.android.view.SnappedTagView,369
316,com.contextlogic.wish.ui.image.AutoReleasableImageView,368
317,com.dailymotion.dailymotion.ui.view.DMTextView,368
318,org.zoostudio.fw.view.CustomFontTextView,366
319,com.mobeta.android.dslv.DragSortItemView,365
320,com.global.foodpanda.android.custom.views.FoodPandaTextView,363
321,king.james.bible.android.view.MarkerTextView,362
322,com.rounded.scoutlook.view.reusableviews.TextView,362
323,com.startapp.android.publish.adinformation.c,360
324,com.fareportal.corelibrary.view.CustomTextViewLight,360
325,com.quecontactos.pjc.QCTextView,359
326,com.wsi.android.framework.app.ui.widget.carousel.CarouselItemHolder,359
327,com.hotwire.common.customview.HwTextView,359
328,com.iconology.ui.widget.CXTextView,357
329,ti.modules.titanium.ui.widget.tableview.TiTableViewRowProxyItem,357
330,com.sothree.slidinguppanel.SlidingUpPanelLayout,356
331,com.viewcomponents.FontTextView,353
332,com.nytimes.android.widget.CustomFontTextView,353
333,com.soundcloud.android.view.CustomFontTextView,352
334,com.sosscores.livefootball.utils.RegularTextView,352
335,com.mopub.mobileads.HtmlBannerWebView,351
336,com.mikepenz.materialdrawer.view.ScrimInsetsFrameLayout,351
337,android.support.v7.widget.bn,350
338,com.facebook.ads.AdChoicesView,350
339,com.live365.mobile.android.player.ui.component.LiveTextView,349
340,com.mrgreensoft.nrg.skins.ui.color.filter.ColorFilterTextView,348
341,eu.livesport.LiveSport_cz.view.TextViewCustomFont,347
342,com.retailmenot.android.designstandards.views.CustomFontTextView,347
343,com.scholly.scholarshipsearch.view.CustomFontTextView,346
344,com.meritnation.school.modules.challenge.controller.widgets.CustomTextView,345
345,com.movie.bms.utils.customcomponents.CustomTextView,345
346,com.wsi.android.framework.app.ui.widget.AutoSizableTextView,345
347,com.waze.view.text.WazeTextView,343
348,com.parkme.consumer.ui.RobotoTextView,342
349,android.support.v7.widget.bj,340
350,com.makeramen.RoundedImageView,339
351,com.passportparking.mobile.i18n.PPTextView,338
352,org.sufficientlysecure.htmltextview.HtmlTextView,337
353,com.fuzz.android.widgets.TypefacedTextView,336
354,md5b60ffeb829f638581ab2bb9b1a7f4f3f.Platform_DefaultRenderer,336
355,com.zazzle.view.ZZTextView,334
356,com.wsi.android.framework.map.WSIMapView,333
357,com.slacker.radio.coreui.components.SharedView,331
358,com.sololearn.app.views.CircleImageView,331
359,com.hcom.android.common.widget.TypefacedTextView,330
360,com.github.amlcurran.showcaseview.ShowcaseView,330
361,com.roomorama.caldroid.SquareTextView,328
362,jp.naver.toybox.drawablefactory.DImageView,328
363,com.outfit7.engine.touchzone.TouchZone,326
364,com.hearstdd.android.app.customview.CustomRelativeLayout,326
365,com.mikepenz.materialdrawer.view.BezelImageView,325
366,com.wsi.android.framework.app.ui.widget.HorizontalScrollView,325
367,android.support.v7.widget.ay,325
368,com.android.internal.app.AlertController$RecycleListView,324
369,com.antediem.sportsmanias.widgets.TextViewWithFont,323
370,com.touchsurgery.tsui.views.TSTextView,322
371,com.funeasylearn.base.ui.components.AutoScaleTextView,322
372,com.funeasylearn.base.ui.components.ISImageView,322
373,android.support.v7.widget.AppCompatAutoCompleteTextView,321
374,com.ted.android.view.widget.RtlTextView,321
375,com.indiainfoline.widgets.TextViewRobotoRegular,321
376,com.contextlogic.wishlocal.ui.text.ThemedTextView,318
377,com.practo.fabric.ui.text.TextView,318
378,com.slacker.radio.ui.nowplaying.e,318
379,com.slacker.radio.ui.nowplaying.e$1,317
380,com.opera.android.custom_views.OrientationButton,316
381,com.quinny898.library.persistentsearch.SearchBox,316
382,com.wsi.android.weather.ui.widget.ScrollableNavigationBar,315
383,com.babbel.mobile.android.en.views.StyledTextView,313
384,com.cf.flightsearch.calendar.views.CellView,312
385,com.wsi.android.framework.app.ui.CheckableRelativeLayout,312
386,com.yuilop.custom.customfontssupport.FontableTextView,310
387,android.widget.SearchView,308
388,com.go.gl.widget.GLTextView$2,306
389,android.support.design.widget.TextInputEditText,305
390,com.tagged.view.CustomFontTextView,304
391,android.support.v7.widget.at,304
392,android.support.v7.widget.GridLayout,303
393,com.thomsonreuters.reuters.ui.KnowledgeTextView,303
394,com.soundhound.android.appcommon.util.SoundHoundTextView,303
395,com.bodybuilding.mobile.controls.BBcomTextView,301
396,android.support.v7.widget.bb,301
397,com.pnikosis.materialishprogress.ProgressWheel,300
398,com.glynk.app.features.login.WhomToMeetMainActivity$14$1,300
399,com.neulion.media.control.widget.CheckableLinearLayout,300
400,com.android.internal.widget.PreferenceImageView,299
401,me.gujun.android.taggroup.TagGroup$TagView,298
402,md505972d1a8c19431fa7e9e71f7b609ef8.StingrayImageView,297
403,com.google.android.libraries.youtube.common.ui.YouTubeTextView,296
404,com.wsl.common.android.ui.fonts.CustomFontView,296
405,com.wsi.android.framework.app.ui.PhoneApplicationRootViewScroll,296
406,android.widget.TextSwitcher,290
407,com.lowes.android.sdk.views.StyledTextView,290
408,android.widget.DatePicker,289
409,com.nbc.news.view.NbcLayout,288
410,com.bleacherreport.android.teamstream.views.BRTextView,288
411,android.widget.AbsoluteLayout,288
412,com.dmall.mfandroid.widget.HelveticaTextView,287
413,com.cmcm.onews.bitmapcache.AsyncImageView,287
414,com.nbcnews.newsappui.views.NBCResizableTextView,285
415,com.wayfair.wayfair.util.WFTextView,282
416,com.pnsdigital.news.views.AutoResizeTextView,281
417,com.gc.materialdesign.views.ProgressBarCircularIndeterminate,281
418,com.prolificinteractive.materialcalendarview.WeekDayView,280
419,com.facebook.ads.internal.view.a,279
420,com.hersheypa.hersheypark.views.RobotoLightTextView,278
421,com.mcmaster.mcmaster_carr_app.Views.DynamicFlowCells.l,278
422,com.mcmaster.mcmaster_carr_app.Views.WebImageView,278
423,com.pinterest.design.brio.widget.BrioTextView,278
424,com.lakana.android.base.widget.NewsSymbolTextView,278
425,co.work.widgets.CustomFontTextView,276
426,android.widget.VideoView,275
427,com.here.components.widget.HereTextView,275
428,com.grofers.customerapp.customviews.TextViewRegularFont,275
429,com.mobilonia.android.imagemanager.MobiImageView,273
430,mystudylife.droid.widgets.RobotoTextView,270
431,com.hillman.transittracker.ui.view.FontTextView,269
432,com.vervewireless.droid.foxwttg.v2.flexibleui.cssviews.CssImageView,268
433,com.yahoo.android.fonts.RobotoTextView,268
434,com.punchh.views.TypefacedTextView,267
435,com.fareportal.corelibrary.view.CustomTextView,266
436,com.passportparking.mobile.pplibrary.i18n.PPTextView,266
437,com.bravolang.english.AutoResizeTextView,265
438,android.support.v7.widget.aq,264
439,com.yinzcam.common.android.ui.ProgressSpinner,264
440,com.ncaa.mmlive.app.ui.widgets.GameTileTeamRowView,264
441,com.fabernovel.ratp.views.ParisineTextView,264
442,org.holoeverywhere.widget.TextView,263
443,android.support.v7.widget.aw,263
444,com.ncaa.mmlive.app.ui.widgets.ScoreTextView2,262
445,com.google.android.gms.ads.e,261
446,com.vervewireless.droid.foxwttg.v2.flexibleui.cssviews.CssRelativeLayout,261
447,com.dailyyoga.view.CustomRobotoLightTextView,260
448,org.apache.cordova.engine.SystemWebView,260
449,android.support.v7.widget.u,260
450,com.getbase.floatingactionbutton.FloatingActionsMenu,259
451,com.google.appinventor.components.runtime.LinearLayout$1,259
452,com.cbssports.collegenetwork.gamedaylive.ui.widget.TypefaceTextView,257
453,com.ibm.events.android.wimbledon.util.CustomFontTextView,257
454,com.laterooms.app.widgets.TypefaceTextView,257
455,md5b60ffeb829f638581ab2bb9b1a7f4f3f.FormsTextView,255
456,com.prolificinteractive.materialcalendarview.h,254
457,io.codetail.widget.RevealFrameLayout,254
458,android.support.v7.widget.r,254
459,com.getbase.floatingactionbutton.FloatingActionsMenu$1,254
460,android.support.v7.widget.bl,253
461,com.honest.foundation.ui.CustomTextView,253
462,com.squareup.timessquare.CalendarRowView,253
463,com.egert.melodeon.b.s,252
464,com.womanloglib.view.SpecificFlowLayout,252
465,com.linkedin.android.imageloader.LiImageView,252
466,com.womanloglib.view.u,252
467,com.yinzcam.nba.mobile.home.cards.ui.AnalyticsReportingSubCardView,252
468,pl.droidsonroids.gif.GifImageView,250
469,com.fanatics.fanatics_android_sdk.ui.views.FanaticsTextView,248
470,com.basemodule.ui.SpaTextView,246
471,android.widget.AutoCompleteTextView,246
472,com.android.browser.NavScreen,246
473,com.shopkick.app.widget.SKTextView,245
474,com.cube.storm.ui.view.TextView,245
475,mm.component.ExpressionTextView,243
476,com.helper.AutoResizeTextView,242
477,com.scottrade.mobile.retail.shared.uicomponents.FontTextView,242
478,bbc.mobile.news.v3.ui.view.BBCNewsImageView,241
479,android.support.v7.widget.SearchView$SearchAutoComplete,241
480,com.narvii.widget.NicknameView,240
481,android.support.v7.internal.widget.ScrollingTabContainerView$TabView,239
482,com.nbc.news.view.NbcRecyclerView,238
483,in,238
484,com.airbnb.n2.AirTextView,238
485,akc,237
486,com.android.gallery3d.ui.GLRootView,237
487,com.fox.droid.foxksaz.v2.flexibleui.cssviews.CssRelativeLayout,236
488,com.vervewireless.advert.internal.AdWebView,236
489,com.supervalu.roboto.widgets.RobotoTextView,235
490,com.google.android.gms.ads.internal.overlay.aa,234
491,com.modiface.makeup.base.widgets.PremiumButton,234
492,com.narvii.widget.SpinningView,233
493,com.duolingo.view.TokenTextView,232
494,com.here.components.widget.SideMenuListItem,232
495,fm.player.ui.customviews.TextViewRobotoLight,232
496,in.srain.cube.views.GridViewWithHeaderAndFooter,231
497,com.soundhound.android.components.view.RoundedCornerFrameLayout,231
498,android.support.v7.widget.ScrollingTabContainerView$TabView,230
499,com.zomato.ui.android.TextViews.ZTextView,229
500,com.android.camera.widget.SettingsCling,228
501,com.android.camera.widget.FilmstripLayout,228
502,com.android.camera.widget.ModeOptionsOverlay,228
503,com.android.camera.ui.BottomBar,228
504,com.android.camera.ui.ModeTransitionView,228
505,com.android.camera.ShutterButton,228
506,com.android.camera.ui.ModeListView,228
507,com.android.camera.ui.StickyBottomCaptureLayout,228
508,com.android.camera.ui.CaptureAnimationOverlay,228
509,com.android.camera.widget.ModeOptions,228
510,com.android.camera.ui.MainActivityLayout,228
511,com.android.camera.ui.GridLines,228
512,com.android.camera.ui.PreviewOverlay,228
513,com.android.camera.ui.FaceView,228
514,com.android.camera.ui.focus.FocusRingView,228
515,com.univision.android.lib.views.TypefaceTextView,227
516,se.emilsjolander.stickylistheaders.j,227
517,com.android.camera.widget.RoundedThumbnailView,227
518,com.viki.android.customviews.RobotoTextView,226
519,com.pentaloop.fanfiction.models.utils.FFTextView,226
520,com.telenav.scout.widget.TypefacedTextView,225
521,ti.modules.titanium.ui.widget.TiUIButton$1,225
522,com.narvii.widget.PromotionalImageView,224
523,com.sk8spots.font.SkateSpotsTextView,223
524,com.initechapps.growlr.widget.ThumbnailView,221
525,com.doapps.android.mln.views.AspectFrameLayout,221
526,com.banking.tab.components.TextView,220
527,com.vervewireless.advert.AdView,220
528,me.relex.circleindicator.CircleIndicator,220
529,android.support.v7.widget.d$d,219
530,com.yinzcam.nba.mobile.home.cards.ui.AnalyticsReportingCardView,219
531,com.raycom.ktre.v2.flexibleui.cssviews.CssRelativeLayout,218
532,com.android.browser.NavTabScroller$ContentLayout,215
533,simply.learn.view.GridButton,215
534,com.android.browser.NavTabScroller,215
535,com.hardgrnd.lineup11.ui.CircleImageView,214
536,com.mobisystems.android.ui.ImageViewThemed,214
537,com.android.camera.ui.ProgressOverlay,213
538,com.android.camera.ui.CountDownView,213
539,com.opera.android.custom_views.LayoutDirectionFrameLayout,212
540,com.google.android.gms.ads.internal.overlay.exoplayer1.f,212
541,net.i2p.android.ext.floatingactionbutton.FloatingActionButton,212
542,com.uc.browser.core.homepage.card.view.items.TextView,212
543,com.raycom.wect.v2.flexibleui.cssviews.CssRelativeLayout,212
544,io.mercury.android.typefaced.CustomTypefaceTextView,211
545,com.stronglifts.app.views.TextViewPlus,211
546,com.jcpenney.views.navbar.NavigationBarButton,210
547,com.app.views.CBTextView,209
548,android.widget.DayPickerView,208
549,com.twitter.sdk.android.tweetui.CompactTweetView,208
550,com.bravolang.german.AutoResizeTextView,208
551,android.widget.DayPickerViewPager,208
552,com.fewlaps.android.quitnow.base.customview.CustomFontTextView,208
553,com.raycom.wlox.v2.flexibleui.cssviews.CssRelativeLayout,207
554,android.support.v7.widget.bd,207
555,com.melnykov.fab.FloatingActionButton,206
556,com.gpshopper.stevemadden.view.FontTextView,205
557,org.wordpress.android.widgets.WPTextView,205
558,com.tribunemedia.ui.view.PostPreviewView,205
559,com.facebook.drawee.fbpipeline.FbDraweeView,203
560,bt,203
561,com.viewpagerindicator.TabPageIndicator$b,202
562,com.wonggordon.bgmonitor.views.text.StyledTextView,201
563,com.windalert.android.widgets.TypefacedTextView,201
564,com.modiface.libs.widget.BannerImage,199
565,com.mysugr.android.views.CustomFontTextView,199
566,com.raycom.ktre.v2.flexibleui.cssviews.CssImageView,199
567,android.support.design.internal.ScrimInsetsFrameLayout,199
568,com.wsi.android.weather.ui.widget.switchbutton.SwitchButton,198
569,com.vervewireless.droid.foxwttg.common.CategoryTextView,198
570,com.cyrilmottier.android.listviewtipsandtricks.widget.DontPressWithParentButton,198
571,com.startapp.android.publish.banner.bannerstandard.BannerStandard,197
572,com.nurturey.limited.views.TextViewPlus,197
573,com.modiface.libs.widget.BarButton,196
574,com.beyondsoftware.teamstuff.ui.TRTextView,196
575,com.gi.lfp.ui.LfpSmartImageView,196
576,com.sillens.shapeupclub.fonts.MetricAppTextView,196
577,android.support.v7.widget.br,195
578,com.obscience.imamma.widget.CheckableLinearLayout,195
579,com.hardgrnd.lineup11.ui.RobotoTextView,195
580,com.mapquest.android.ace.ui.text.AceTextView,194
581,com.raycom.wect.v2.flexibleui.cssviews.CssImageView,194
582,com.paullipnyagov.ui.view.TypefaceTextView,194
583,com.viewpagerindicator.TabPageIndicator,194
584,com.gannett.android.common.ui.view.CustomFontTextView,194
585,pt.rocket.utils.fontutils.ZTextView,192
586,com.lybrate.im4a.Utils.CustomFontTextView,192
587,com.itonline.anastasiadate.widget.text.TextView,192
588,fc.admin.fcexpressadmin.utils.RobotoTextView,192
589,com.cloudmagic.android.view.CustomTextView,191
590,com.opera.android.custom_views.LayoutDirectionRelativeLayout,191
591,android.support.design.widget.TabLayout$c,191
592,com.narvii.widget.TintButton,190
593,com.sympoz.atoms.atom_text_label.TextLabelAtom,190
594,com.app.wooplrwidgets.frescoImageViews.SquareImageView,190
595,com.ushareit.listenit.theme.entry.CustomThemeView,190
596,com.amazon.device.ads.AdContainer,190
597,com.fareportal.corelibrary.view.CustomImageView,190
598,com.amazon.device.ads.AdLayout,189
599,net.fagames.android.playkids.animals.view.CloudyTextView,189
600,com.github.clans.fab.FloatingActionMenu,189
601,com.ovenbits.fontviews.FontTextView,189
602,com.fox.droid.foxksaz.v2.flexibleui.cssviews.CssImageView,189
603,com.roughike.bottombar.BottomBar,188
604,com.doapps.android.mediation.views.MediatedBannerView,188
605,com.babycenter.calendarapp.app.widget.TextViewWithFont,188
606,com.startapp.android.publish.banner.Banner,188
607,com.til.magicbricks.views.RobotoMediumTextView,187
608,android.support.v7.widget.av,187
609,com.artech.controls.DataBoundControl,186
610,com.android.contacts.common.list.ContactListItemView,186
611,com.facebook.resources.ui.FbButton,186
612,com.facebook.fbui.widget.glyph.GlyphView,186
613,com.cw.fullepisodes.android.view.FontTextView,185
614,com.raycom.kold.v2.flexibleui.cssviews.CssRelativeLayout,185
615,android.support.v7.widget.bx,184
616,app.babychakra.babychakra.Views.GenericTextView,184
617,com.raycom.wlox.v2.flexibleui.cssviews.CssImageView,184
618,com.binitex.pianocompanionengine.ActivatedLinearLayout,183
619,android.widget.SimpleMonthView,183
620,com.qihoo.mm.weather.locale.widget.LocaleTextView,183
621,com.android.browser.view.BookmarkContainer,182
622,listview.ChoiceAdapterView,182
623,com.tillys.tillysandroid.UI.FontTextView,182
624,com.prolificinteractive.materialcalendarview.t,182
625,com.whistle.WhistleApp.ui.widgets.ThemedTextView,181
626,flipboard.gui.FLTextView,181
627,com.narvii.widget.VoteIcon,180
628,com.hm.widget.TrueTypeTextView,180
629,com.grofers.customerapp.customviews.IconTextView,180
630,wsj.customViews.TypefaceTextView,180
631,com.uc.browser.core.homepage.card.view.ImageViewEx,180
632,com.mico.image.widget.MicoImageView,179
633,com.kohls.mcommerce.opal.framework.view.component.views.GothamBookTextView,179
634,md505972d1a8c19431fa7e9e71f7b609ef8.StingrayImageButton,178
635,com.android.documentsui.DocumentsToolBar,178
636,com.android.documentsui.DirectoryView,178
637,com.whitescape.ride_allinone.view.ProximaNovaTextViewBold,178
638,com.android.documentsui.DirectoryContainerView,178
639,com.panasonic.pavc.viera.vieraremote2.view.EffectImageButton,177
640,fr.castorflex.android.smoothprogressbar.SmoothProgressBar,177
641,com.brainly.ui.text.ProximaTextView,176
642,com.kitco.android.free.activities.utils.AutoResizeTextView,176
643,mocha.ui.ViewLayerNative$Layout,175
644,com.on.view.AsyncImageView,175
645,org.apmem.tools.layouts.FlowLayout,175
646,com.saturn.mycreativediary.CustomText,175
647,com.whitescape.ride_allinone.view.ProximaNovaTextViewSemibold,175
648,se.emilsjolander.stickylistheaders.StickyListHeadersListView,175
649,com.kiwilimon.ui.LabelView,175
650,com.fox.droid.foxksaz.common.CategoryTextView,174
651,com.balysv.materialmenu.MaterialMenuView,173
652,com.facebook.login.widget.LoginButton,173
653,com.gilt.android.base.views.CustomFontTextView,172
654,bbc.mobile.news.v3.widget.EllipsizingTextView,171
655,com.fotoable.cn.weather.widget.RobotoTextView,171
656,com.grofers.customerapp.customviews.TextViewMediumFont,171
657,com.nespresso.ui.widget.NespressoTextView,171
658,ly.appt.effectpicker.EffectView,171
659,com.hearstdd.android.app.compoundcontrols.ShareControl,171
660,com.mobilonia.android.imagemanager.MobiRelativeLayout,170
661,com.nbcsports.liveextra.ui.views.FontTextView,170
662,com.myleaderboard.GolfChannel.ui.controls.LightTextView,169
663,com.raycom.ktre.common.CategoryTextView,169
664,com.intuit.spc.authorization.custom.widget.TypeFacedTextView,169
665,com.flipboard.bottomsheet.BottomSheetLayout,168
666,android.support.v4.view.PagerTabStrip,168
667,com.customcontrol.CustomTableRow,168
668,android.support.v7.widget.bc,167
669,com.slidingmenu.lib.SlidingMenu,167
670,jp.co.recruit.mtl.beslim.view.CustomTextView,167
671,com.artech.android.layout.GxLayout,166
672,com.google.android.play.layout.PlayTextView,166
673,com.target.ui.view.common.TargetTextView,166
674,com.narvii.feed.FeedToolbarLayout,166
675,com.ksmobile.launcher.theme.base.view.PageIndicatorMarker,165
676,com.wsi.android.framework.app.ui.widget.SwipeLayout,165
677,com.android.internal.widget.DialogViewAnimator,165
678,com.aol.mobile.aolapp.mail.widget.AolCustomTextView,165
679,com.monitise.commons.lib.ui.views.MTSTextView,165
680,com.mathmaster.widget.CustomTextView,165
681,com.startapp.android.publish.banner.bannerstandard.BannerStandard$1,165
682,android.support.design.internal.ForegroundLinearLayout,164
683,com.tribunemedia.ui.view.DFPBannerAdView,164
684,com.facebook.ads.MediaView,164
685,com.strafelib.android.fonts.DinTextView,164
686,sg.com.steria.mcdonalds.util.TextViewCustomFont,163
687,com.tracfone.generic.myaccountuilibrary.ui.TextViewCustomFont,163
688,com.actionbarsherlock.internal.widget.IcsLinearLayout,163
689,com.raycom.wect.common.CategoryTextView,163
690,digiMobile.Controls.DigiTextView,163
691,de.elfsoft.bestbrokers.views.ChangeTextView,162
692,com.twitter.sdk.android.tweetui.internal.TweetMediaView,161
693,com.vinted.view.SafeTextView,161
694,com.mobimento.caponate.util.views.SegureImageView,161
695,com.live365.mobile.android.player.ui.widget.ScaledFitImageView,161
696,com.binaryic.oshowisdom.Common.TextViewIcon,161
697,com.newshunt.common.view.customview.fontview.NHTextView,160
698,com.linkedin.android.infra.ui.TintableImageView,159
699,org.fxclub.libertex.widgets.rateview.RateView,159
700,com.daimajia.swipe.SwipeLayout,159
701,com.cardekho.uicomponent.CustomTextView,159
702,com.alipay.mobile.commonui.widget.APTextView,159
703,bbc.mobile.news.v3.view.ItemLayout,159
704,com.slacker.radio.ui.sharedviews.LiveMediaButton,159
705,com.nbc.news.view.NbcToolBar,159
706,com.github.ksoichiro.android.observablescrollview.ObservableListView,158
707,com.yinzcam.common.android.ui.IconLayoutButton,158
708,br.com.icarros.androidapp.ui.widgets.GridViewItemContainer,158
709,com.wdtinc.android.whitelabel.gui.WHTHeaderBar,158
710,com.excelatlife.generallibrary.views.DarkTextView,158
711,com.raycom.wlox.common.CategoryTextView,158
712,com.birchbox.birchbox.views.BBXTextView,158
713,com.scdgroup.app.audio_book_librivox.view.MyTextView,157
714,android.support.v7.widget.ActivityChooserView$InnerLayout,157
715,com.cmcm.onews.ui.wave.NewsItemRootLayout,157
716,android.widget.TwoLineListItem,157
717,com.ijoysoft.appwall.AppWallLayout,157
718,android.support.v7.widget.ButtonBarLayout,157
719,mm.base.StatementPane,157
720,com.tradesy.android.ui.widget.FontTextView,156
721,com.dw.contacts.ui.widget.DialpadKeyButton,156
722,brychta.stepan.quantum_en.CustomText,156
723,com.labelsoft.trydate.RecycleIV.RecyclingImageView,156
724,com.quickenloans.mortgagecalculator.customview.TypefaceCustomizableTextView,156
725,com.mobeta.android.dslv.DragSortListView,156
726,android.support.v7.widget.am,155
727,com.mobileappsteam.myprayer.widgets.CustomFontTextView,155
728,com.mycloudplayers.mycloudplayer.views.MenuItemView,155
729,com.sears.views.TypefacedTextView,155
730,com.softissimo.reverso.context.widget.CTXTextView,155
731,mobi.infolife.ezweather.widget.mul_store.view.RoundCornerImageView,154
732,com.twitter.sdk.android.tweetui.TweetActionBarView,154
733,com.phhhoto.android.ui.widget.typeface.TypefaceTextView,154
734,com.ijinshan.browser.view.IconFontTextView,153
735,android.support.v7.widget.s,153
736,com.twitter.sdk.android.tweetui.ToggleImageButton,153
737,com.gloto.android.views.GTextView,153
738,mm.component.ExpressionView,153
739,com.cricketnext.customTextView.TextViewOpenSansRegular,152
740,com.zhihu.android.base.widget.ZHRelativeLayout,152
741,afe,152
742,main.java.com.vbox7.ui.layouts.Vbox7TextView,152
743,com.gi.lfp.ui.TextViewTypeface,151
744,com.aircrunch.shopalerts.views.CustomFontTextView,151
745,md5b60ffeb829f638581ab2bb9b1a7f4f3f.LabelRenderer,151
746,io.codetailps.widget.RevealFrameLayout,151
747,perform.goal.android.ui.shared.StatefulFontIconView,151
748,com.balysv.materialmenu.ps.MaterialMenuView,151
749,com.wdtinc.android.common.gui.WDTTriStateCheckBox,151
750,com.guidebook.android.ui.view.ImageViewFastBitmap,150
751,com.nbcsports.mobile.rsnlocalsports.controls.StoryLayout,150
752,android.support.v7.app.MediaRouteButton,150
753,br.com.bradesco.integrador.ui.font.TypefaceTextView,150
754,com.qulix.mdtlib.images.widget.LazyLoadImageView,150
755,android.support.design.widget.au,150
756,md505972d1a8c19431fa7e9e71f7b609ef8.StingrayButton,150
757,com.vmn.android.me.ui.widgets.textview.StyledTextView,149
758,freshsteployalty.clorox.com.freshsteployalty.CustomViews.AvenirNextRegularTextView,149
759,com.unionbank.androidui.view.FontReplaceTextView,149
760,com.google.android.gms.plus.PlusOneButton,149
761,in.srain.cube.views.GridViewWithHeaderAndFooter$FullWidthFixedViewLayout,149
762,com.library.controls.CrossFadeImageView,148
763,tursky.jan.nauc.sa.html5.views.TextView_Regular,148
764,com.predictspring.mobile.consumer.views.NetworkImageView,148
765,android.support.design.widget.Snackbar$SnackbarLayout,148
766,com.fw.basemodules.view.RobotoTextView,148
767,com.sahibinden.util.volley.NetworkImageView,148
768,android.support.v7.widget.ActivityChooserView,147
769,com.jackthreads.android.views.CustomTextView,147
770,android.support.v7.widget.e,147
771,com.frankly.news.ads.banner.BorderAdUnit,147
772,w.StateDrawableView,147
773,android.support.v7.widget.an,147
774,com.narvii.util.statusbar.StatusBarLayout,146
775,com.panasonic.pavc.viera.utility.EffectImageButton,146
776,ticketnew.android.ui.widget.TnTextView,146
777,android.widget.SearchView$SearchAutoComplete,146
778,com.videon.android.controls.LazyLoadImageView,146
779,com.raycom.wcsc.v2.flexibleui.cssviews.CssRelativeLayout,146
780,de.komoot.android.view.TypefaceTextView,145
781,com.hbo.hadron.LayoutView,145
782,com.mobeta.android.dslv.c,145
783,com.isletsystems.android.cricitch.app.widgets.TypefacedTextView,145
784,com.duolingo.tools.AutoScaleTextView,145
785,com.mentormate.android.inboxdollars.ui.views.RobotoTextView,145
786,com.clearchannel.iheartradio.utils.newimages.widget.LazyLoadImageView,144
787,android.preference.PreferenceFrameLayout,144
788,com.jnm.android.widget.ScalableLinearLayout,144
789,me.zhanghai.android.materialprogressbar.MaterialProgressBar,144
790,com.craftsvilla.app.helper.customViews.ProximaNovaTextViewRegular,144
791,com.odigeo.app.android.lib.ui.widgets.CustomTextView,144
792,com.raycom.kplc.v2.flexibleui.cssviews.CssRelativeLayout,144
793,com.caynax.view.text.TextViewExtended,143
794,de.etroop.droid.widget.ButtonCC,143
795,com.facebook.fbui.glyph.GlyphView,143
796,android.support.v7.widget.f,143
797,org.iggymedia.periodtracker.views.TypefaceTextView,143
798,com.nbc.news.view.NbcViewPager,143
799,com.mobisystems.msdict.viewer.views.CheckableLinearLayout,142
800,com.microsoft.amp.platform.uxcomponents.text.AutoScaleTextView,142
801,com.linkedin.android.infra.ui.ExpandableTextView,142
802,android.support.v7.widget.bq,142
803,bitsie.playmee.musicplayer.free.ui.TypefaceTextView,142
804,mystudylife.droid.widgets.Icon,142
805,com.audioboom.ui.view.AudioBoomCustomTextView,142
806,android.widget.ImageSwitcher,141
807,kr.pe.burt.android.lib.androidgradientimageview.AndroidGradientImageView,141
808,com.google.android.play.layout.PlayCardThumbnail,141
809,com.kohls.mcommerce.opal.framework.view.component.views.GothamBoldTextView,141
810,com.google.android.finsky.layout.InsetsFrameLayout,141
811,hs.TextView,141
812,com.binaryic.oshowisdom.Common.TextAwesome,141
813,com.ivankocijan.magicviews.views.MagicTextView,141
814,com.mobilonia.android.TextViewMultilineEllipse,140
815,ru.adhocapp.gymapplib.timessquare.CalendarCellView,140
816,ctrip.english.main.widget.calendar.CTDayParentView,140
817,com.yahoo.mobile.client.android.finance.ui.FlashingRedGreenTextView,140
818,com.aircanada.view.FontTextView,140
819,com.raycom.kold.common.CategoryTextView,140
820,jp.naver.line.android.common.view.TintableImageView,140
821,aero.developer.iTravel.foo.customViews.CTextView,140
822,com.fareportal.corelibrary.view.CalendarMonthCellView,140
823,ctrip.english.main.widget.calendar.CTDayView,140
824,com.popularapp.periodcalendar.view.CalendarCellForDefault,140
825,com.sygic.familywhere.android.views.FontTextView,139
826,com.ctrlplusz.anytextview.AnyTextView,139
827,com.snapchat.android.framework.ui.views.ScFontTextView,139
828,com.ngomik.view.RobotoCondensedTextView,139
829,com.cricketnext.customTextView.TextViewOpenSansBold,139
830,com.adda247.widget.CPTextView,139
831,com.mymda.views.AlphaTextView,138
832,com.bhphoto.views.FontTextView,138
833,com.viewpagerindicator.IcsLinearLayout,138
834,com.hmobile.common.RobotoTextView,138
835,br.com.casaopen.bibleBilingualSpanishEnglish.TextViewRoboto,138
836,com.finicity.mvelopes.fonts.FontTextView,138
837,fm.player.ui.customviews.TextViewRobotoRegular,137
838,it.gmariotti.cardslib.library.view.CardView,137
839,anywheresoftware.b4a.BALayout,137
840,com.gamestop.powerup.views.TextViewCustomFont,137
841,com.lcwaikiki.android.views.LcwTextView,136
842,com.yinzcam.nba.mobile.home.cards.pager.RatioViewPager,136
843,net.ixxi.ratp.tourisme.widget.TextViewFont,136
844,com.android.sears.activity.TextViewSans,136
845,com.whitescape.ride_allinone.view.WscCenterRadioButton,136
846,com.bottlerocketapps.ui.brfont.BRFontTextView,136
847,or,136
848,grit.storytel.app.view.helpers.FontelloTextView,136
849,com.logicimmo.android.ui.views.CustomFontTextView,135
850,com.ue.projects.framework.ueviews.text.TextViewCustomFont,135
851,com.shareitagain.smileyapplibrary.components.c,135
852,com.microsoft.amp.platform.uxcomponents.glyph.CommonGlyphView,135
853,com.informer.androidinformer.widget.EllipsizingTextView,135
854,com.tourtracker.mobile.views.AutoSizeTextView,134
855,com.dd.ShadowLayout,134
856,com.disney.music.radiodisney.ui.controls.CustomFontTextView,134
857,de.olbu.android.ui.view.SizeableTextView,134
858,flipboard.gui.FLChameleonImageView,134
859,com.vzw.indycar.ui.views.CloudinaryImageView,134
860,com.vervewireless.droid.foxwtxf.v2.flexibleui.cssviews.CssRelativeLayout,134
861,com.zillow.android.ui.font.ZillowFontTextView,134
862,com.alipay.mobile.commonui.widget.APRelativeLayout,133
863,com.google.android.finsky.image.DocImageView,133
864,jp.united.app.kanahei.weightapp.view.AspectRatioImageView,133
865,com.rengwuxian.materialedittext.MaterialEditText,132
866,com.drawapp.learn_to_draw.view.ColorView,132
867,com.raycom.wtoc.v2.flexibleui.cssviews.CssImageView,132
868,com.agminstruments.drumpadmachine.ui.Pad,132
869,ru.yandex.weatherplugin.ui.view.TextView,132
870,w.Ò“,132
871,co.purpleocean.android.widgets.text_view.RegularTextView,132
872,com.yinzcam.common.android.ui.menu.side.ExpandableNavigationMenu,131
873,android.support.v4.app.FragmentTabHost,131
874,com.eumlab.prometronome.blackpixels.BPTextView,131
875,android.widget.Gallery,131
876,by.si.soundsleeper.free.views.avenir.AvenirRomanTextView,131
877,com.rockerhieu.emojicon.EmojiconTextView,131
878,co.uk.apptivation.nga.library.view.FontTextView,131
879,com.shopstyle.widget.RoboFontTextView,131
880,com.laterooms.app.widgets.AutoFitTypefaceTextView,131
881,com.tickledmedia.ParentTown.box.app_views.AppTextView,130
882,com.brainpop.brainpopeslandroid.views.shapes.ShapeRoundedRect,130
883,com.winit.starnews.hin.view.ABPTextView,130
884,com.inrix.lib.view.RobotoTextView,130
885,com.mobikwik_new.view.MKTextView,130
886,com.aurelhubert.ahbottomnavigation.AHBottomNavigation,129
887,com.opera.android.Dimmer,129
888,com.zappos.android.views.SquareNetworkImageView,129
889,com.raycom.wcsc.v2.flexibleui.cssviews.CssImageView,129
890,com.mikepenz.iconics.view.IconicsImageView,129
891,com.hautelook.mcom.ui.common.view.widget.HLCustomTextView,129
892,com.ushareit.listenit.theme.entry.CustomThemeLinearLayout,129
893,co.good.android.ui.view.GCTextView,128
894,com.facebook.widget.text.BetterTextView,128
895,com.caesars.playbytr.views.TypefacedTextView,128
896,com.pixplicity.fontview.FontTextView,128
897,com.facebook.ads.internal.f.a,128
898,com.trixiesoft.clapp.ui.widgets.TintImageView,127
899,fm.player.ui.customviews.ImageViewTextPlaceholder,127
900,com.takeaway.android.views.TakeawayTextView,127
901,com.athan.view.CustomTextView,127
902,com.audiomack.views.CustomFontTextView,127
903,com.zhihu.android.base.widget.ZHLinearLayout,127
904,com.goodreads.android.widget.GoodTextView,127
905,com.sosscores.livefootball.utils.MediumTextView,127
906,com.twitter.ui.widget.TypefacesTextView,127
907,com.yinzcam.nba.mobile.home.cards.pager.PageControl,127
908,com.deepriverdev.theorytest.ui.views.CustomTextView,127
909,ru.mail.fragments.view.MailItemTextView,126
910,com.colure.tool.widget.TextViewPlus,126
911,com.glow.android.ui.calendar.GridCalendarDay,126
912,tursky.jan.nauc.sa.html5.views.TextView_Medium,126
913,com.proactiveapp.womanlogpregnancy.library.CalendarDay,126
914,flipboard.gui.FLStaticTextView,126
915,com.github.hotchpotch.iconicfontengine.widget.IconicFontTextView,126
916,com.scvngr.levelup.ui.view.navigation.ActivityStartView,126
917,com.pocket.util.android.view.ThemedTextView,125
918,com.google.apps.dots.android.newsstand.widget.NSTextView,125
919,com.vervewireless.droid.foxwjbk.v2.flexibleui.cssviews.CssRelativeLayout,125
920,com.google.android.play.layout.StarRatingBar,125
921,com.mapmyfitness.android.ui.widget.Button,125
922,com.slidingmenu.lib.CustomViewBehind,124
923,com.wanelo.android.ui.view.image.GridImageView,124
924,ru.mail.uikit.view.HightLightedLayout,124
925,com.raycom.wtoc.v2.flexibleui.cssviews.CssRelativeLayout,124
926,com.viewpagerindicator.e,124
927,com.chongchong.cardioface.camera.views.ArcView,124
928,com.slidingmenu.lib.CustomViewAbove,124
929,ru.mail.uikit.view.HighlightedTextView,124
930,com.yahoo.mobile.client.android.finance.ui.j.a,124
931,com.squaremed.diabetesconnect.android.widgets.TypefacedTextView,124
932,fr.castorflex.android.circularprogressbar.CircularProgressBar,123
933,md5013a2fddf66a295322bd355b620cf2c3.CustomFontTextView,123
934,com.mrgreensoft.nrg.skins.ui.color.filter.ColorFilterLinearLayout,123
935,com.flixster.android.view.ImageWrappedView,123
936,com.brands4friends.b4f.widget.B4FTextView,123
937,com.cube.storm.ui.view.ImageView,123
938,com.google.android.play.layout.PlayCardLabelView,122
939,io.studymode.cram.view.OpenSansTextView,122
940,fi.android.takealot.custom.widget.TouchableLinearLayout,122
941,com.handmark.pulltorefresh.library.PullToRefreshListView,122
942,com.starttoday.android.wear.widget.RoundCornerImageView,122
943,com.vegas.views.CustomTextView,122
944,com.brainpop.brainpopeslandroid.views.EslButton,122
945,com.yidio.android.utils.RobotoTextView,121
946,com.viewpagerindicator.TitlePageIndicator,121
947,mobi.escapemusic.music.standard.util.extendobject.ImageButtonTemplate,121
948,com.coderays.tamilcalendar.setAppFontBold,121
949,com.thuuz.addison.util.CustomTextView,121
950,com.imdb.mobile.view.RefMarkerLinearLayout,120
951,com.dreamsocket.widget.UIText,120
952,app.viaindia.views.ViaLinearLayout,120
953,com.sdsol.fontviews.FontTextView,120
954,com.fanatics.fanatics_android_sdk.ui.views.MaterialRippleLayout,120
955,com.doapps.android.mln.categoryviewer.SubcategoryViewPager,120
956,com.app.views.CTextView,120
957,com.wildec.meet24.UserGridItemView,120
958,app.viewcomponents.TypeFacedTextView,119
959,org.xwalk.core.internal.XWalkViewBridge,119
960,com.indiegogo.android.widgets.IGGTextView,119
961,md5b60ffeb829f638581ab2bb9b1a7f4f3f.FormsImageView,119
962,com.shane.littlecartoonist.view.ColorView,119
963,com.michiganlabs.myparish.components.AutoResizeTextView,119
964,com.slacker.radio.ui.hamburger.HamburgerMenuItemView,119
965,gt.farm.hkmovie.view.SlideMenuItemView,119
966,com.wsi.android.weather.ui.widget.BoundedLinearLayout,119
967,com.azubu.azubutv.widgets.font.AzubuTextView,119
968,com.neopixl.pixlui.components.textview.TextView,118
969,views.RobotoTextView,118
970,com.mindtwisted.kanjistudy.svg.KanjiView,118
971,mobi.ifunny.view.progress.ProgressBar,118
972,flipboard.gui.TopicTagView,118
973,com.gopro.goprotraining.view.GPTextView,118
974,com.fareportal.corelibrary.view.CustomTextViewMedium,117
975,com.healthtap.userhtexpress.customviews.RobotoLightTextView,117
976,o.vj,117
977,android.support.v7.widget.DialogTitle,117
978,com.slidejoy.control.SlideTextView,117
979,younow.live.ui.views.YouNowTextView,116
980,com.surveysampling.mobile.view.CustomTextView,116
981,com.loopj.android.image.SmartImageView,116
982,com.yidio.android.view.widgets.BrowseCell,116
983,com.black_friday.blackfriday2015.rest.ui.widget.CustomTextView,116
984,com.wholefoods.wholefoodsmarket.core.customviews.WFMLegalGothicRegularTextView,116
985,com.mvl.tanger.ui.view.PKITextView,116
986,com.google.android.gms.common.widget.ScrollViewWithEvents,115
987,com.narvii.widget.NVListView,115
988,com.aviary.android.feather.sdk.widget.AviaryTextView,115
989,com.dw.contacts.ui.widget.ScrollingTabContainerView$h,114
990,com.artech.controls.GxTextView,114
991,android.widget.ZoomButton,114
992,com.particlenews.ui.CustomFontTextView,114
993,android.support.constraint.ConstraintLayout,114
994,com.wsi.android.weather.ui.widget.checkbox.CheckBox,114
995,com.tribunemedia.ui.view.weather.WeatherTodayDetailsCircleView,114
996,com.dw.contacts.ui.widget.ScrollingTabContainerView$d,114
997,com.doapps.android.common.views.EllipsizingTextView,114
998,com.wsi.android.weather.ui.widget.checkbox.CheckBox$Check,114
999,com.vervewireless.droid.foxwttg.v2.flexibleui.cssviews.CssImageButton,113
1000,com.wdtinc.android.common.gui.WDTImageToggleButton,113
1001,com.shamanland.fonticon.FontIconView,113
1002,com.functionx.viggle.view.SelectableFontTextView,113
1003,com.raycom.kold.v2.flexibleui.cssviews.CssImageView,113
1004,com.dw.widget.LinearLayoutEx,113
1005,com.amuniversal.android.gocomics.customview.GocomicsTextView,113
1006,com.vervewireless.droid.foxwjbk.v2.flexibleui.cssviews.CssImageView,113
1007,com.glow.android.eve.ui.calendar.GridCalendarDay,112
1008,com.michiganlabs.myparish.components.DashboardButton,112
1009,com.nbc.news.view.NbcDrawerLayout,112
1010,com.google.android.apps.genie.geniewidget.widgets.AlignedTextView,112
1011,com.hannesdorfmann.CircleProgressView,112
1012,com.netqin.ps.view.ripple.RippleView,112
1013,com.nbc.news.view.BreakingNewsView,112
1014,com.test.quotegenerator.widget.SquareImageView,111
1015,com.github.mmin18.widget.FlexLayout,111
1016,com.cmcm.onews.ui.widget.NewsItemBottomView,111
1017,com.raycom.wcsc.common.CategoryTextView,111
1018,com.stumbleupon.android.widget.widget.textview.CustomizableTextView,111
1019,com.papyrus.ui.view.PapyrusTextView,111
1020,com.dteenergy.mydte.views.font.FontTextView,111
1021,com.android.sears.corenative.customviews.TextViewSansBold,111
1022,com.moovit.view.list.ListItemView,111
1023,org.consumerreports.ratings.ui.RFontTextView,110
1024,com.influenster.ui.view.NavbarItemView,110
1025,com.google.android.play.layout.PlayCardViewMini,110
1026,com.baoyz.swipemenulistview.SwipeMenuLayout,110
1027,com.pickstream.ui.nav.RightNavItemView,110
1028,unique.packagename.widget.MainTextView,110
1029,com.megalol.app.view.BaselineGridTextView,110
1030,com.omnigon.reuse.ui.text.TypefacedTextView,110
1031,com.zenlabs.challenge.view.Din1451TextView,110
1032,com.sololearn.app.views.FlowLayout,110
1033,com.raycom.kplc.common.CategoryTextView,110
1034,yuku.alkitab.base.widget.VerseItem,109
1035,yuku.alkitab.base.widget.VerseTextView,109
1036,com.ecg.close5.view.customfont.CustomFontTextView,109
1037,com.Glitter.Private.Secret.Diary.views.GlitterTextView,109
1038,com.pinterest.design.brio.widget.IconView,109
1039,com.natgeo.tv.widgets.CMTextView,109
1040,com.android.mail.browse.ConversationItemView,109
1041,android.support.design.widget.ay,109
1042,com.ushareit.listenit.theme.entry.CustomThemeFrameLayout,109
1043,jp.comico.ui.detail.item.content.DetailImageView,108
1044,com.simpler.ui.views.DialpadButton,108
1045,com.newsfusion.font.TextViewPlus,107
1046,com.snagajob.jobseeker.widget.TextView,107
1047,com.waze.settings.WazeSettingsView,107
1048,com.whitescape.ride_allinone.view.WscTextViewMedium,106
1049,com.traderumors.ui.view.AppTextView,106
1050,com.slacker.radio.ui.app.TabView,106
1051,com.belcaro.shopathome.utilities.views.MerchantLogo,106
1052,net.osmand.plus.widgets.TextViewEx,106
1053,com.galaxytone.tarotcore.view.CardView,106
1054,com.jcpenney.views.ProductRating,106
1055,com.hersheypa.hersheypark.views.RobotoTextView,106
1056,com.zoostudio.moneylover.ui.view.ImageViewIcon,106
1057,com.asos.mvp.view.ui.views.ImageBlockView,106
1058,com.ecw.healow.utilities.font.SourceSansProSemiBoldTextView,106
1059,flipboard.gui.FLMediaView,105
1060,com.namshi.android.widgets.AutoResizeTextView,105
1061,com.handmark.widget.MyTextView,105
1062,com.android.dialer.widget.EmptyContentView,105
1063,sg.mediacorp.toggle.widget.MCTextView,105
1064,com.namshi.android.widgets.SmartFrameLayout,105
1065,com.mobikwik_new.helper.IconView,104
1066,com.linkedin.android.infra.ui.TintableImageButton,104
1067,com.citymapper.app.views.AutofitProximaNovaTextView,104
1068,com.i2c.mobile.base.widget.LinearLayoutWithTouchEffect,104
1069,md5b60ffeb829f638581ab2bb9b1a7f4f3f.ImageRenderer,104
1070,com.myleaderboard.GolfChannel.ui.controls.ResizingImageView,104
1071,com.busuu.android.ui.course.ComponentIconView,104
1072,com.zing.zalo.ui.widget.AvatarImageView,104
1073,com.wsi.android.weather.ui.widget.WSIViewPager,103
1074,com.sports.schedules.library.ui.views.MenuItemFavoriteView,103
1075,com.etsy.android.uikit.view.ListingFullImageView,103
1076,com.lakana.android.util.FixedAspectRatioFrameLayout,103
1077,com.speakingpal.speechtrainer.sp.ui.views.CustomTextView,103
1078,com.active.aps.meetmobile.widget.ProximaNovaTextView,103
1079,com.sparc.stream.Views.ForegroundImageView,103
1080,com.raycom.kplc.v2.flexibleui.cssviews.CssImageView,103
1081,com.tingyisou.cecommon.thirdparty.roundedimageview.RoundedImageView,103
1082,android.support.design.widget.be,103
1083,android.support.v4.widget.ContentLoadingProgressBar,103
1084,com.vervewireless.droid.foxwtxf.common.CategoryTextView,102
1085,ktech.widget.TextView,102
1086,com.daimajia.slider.library.Indicators.PagerIndicator,102
1087,com.appyet.view.MultiSwipeRefreshLayout,102
1088,com.raycom.wfie.v2.flexibleui.cssviews.CssRelativeLayout,102
1089,com.qulix.mdtlib.lists.ItemViewHolder,102
1090,com.leyinetwork.effectview.rounde.RoundedImageView,102
1091,com.opera.android.custom_views.StylingImageButton,101
1092,com.paullipnyagov.onboardinglibrary.LiteTextView,101
1093,com.devspark.robototextview.widget.RobotoButton,101
1094,com.espncricinfo.app.transitions.ESTextView,101
